/en/blade_runner,name,Blade Runner
/en/blade_runner,directed_by,/en/ridley_scott
/en/blade_runner,starring,/en/rutger_hauer
/en/blade_runner,starring,/en/daryl_hannah
/en/blade_runner,starring,/guid/9202a8c04000641f80000000054cbccc
/en/blade_runner,starring,/guid/9202a8c04000641f800000000042a461
/en/blade_runner,starring,/en/james_hong
/en/blade_runner,starring,/en/brion_james
/en/blade_runner,starring,/en/joe_turkel
/en/blade_runner,starring,/en/sean_young
/en/blade_runner,starring,/en/joanna_cassidy
/en/blade_runner,starring,/en/harrison_ford
/en/blade_runner,starring,/en/edward_james_olmos
/en/blade_runner,starring,/en/william_sanderson
/en/ridley_scott,name,Ridley Scott
/en/daryl_hannah,name,Daryl Hannah
/en/harrison_ford,name,Harrison Ford
/en/rutger_hauer,name,Rutger Hauer
/guid/9202a8c04000641f800000000042a461,name,M. Emmet Walsh
/en/sean_young,name,Sean Young
/en/james_hong,name,James Hong
/en/brion_james,name,Brion James
/en/joanna_cassidy,name,Joanna Cassidy
/en/edward_james_olmos,name,Edward James Olmos
/en/joe_turkel,name,Joe Turkel
/en/william_sanderson,name,William Sanderson
/guid/9202a8c04000641f80000000054cbccc,name,Morgan Paull
